"id","rank","name","adp","last_modified"
1,809,Sonny Weems,139.99289895403513,2019-10-18 14:56:12
2,14,Russell Westbrook,14.425094351691934,2019-10-18 14:56:12
3,666,Gary Payton II,139.9911708253359,2019-10-18 14:56:12
4,596,Bobby Brown,139.99728130497363,2019-10-18 14:56:12
5,810,Anthony Morrow,139.99274134237203,2019-10-18 14:56:12
6,843,Ian Clark,139.9984646387103,2019-10-18 14:56:12
7,675,Shake Milton,139.99635316698655,2019-10-18 14:56:12
8,724,Torrey Craig,139.99683362118594,2019-10-18 14:56:12
9,495,Michael Cobbins,139.992962477208,2019-10-18 14:56:12
10,849,Markel Brown,139.99408454307093,2019-10-18 14:56:12
11,169,Jakob Poeltl,140.94664960818807,2019-10-18 14:56:12
12,565,Jalen McDaniels,139.99910440122824,2019-10-18 14:56:12
13,86,Kyle Kuzma,73.93673639096782,2019-10-18 14:56:12
14,4,Nikola Jokic,5.766735966735967,2019-10-18 14:56:12
15,631,Phil Pressey,139.99600204695196,2019-10-18 14:56:12
16,291,Stanley Johnson,140.01890595009596,2019-10-18 14:56:12
17,665,Kadeem Allen,139.98557630804657,2019-10-18 14:56:12
18,252,Mario Hezonja,140.07677794832438,2019-10-18 14:56:12
19,883,Alex Abrines,139.99619394869828,2019-10-18 14:56:12
20,930,Terrance Ferguson,140.0069708694401,2019-10-18 14:56:12
21,333,Frank Ntilikina,140.02129836904382,2019-10-18 14:56:12
22,144,Rodions Kurucs,140.95777621393384,2019-10-18 14:56:12
23,322,Elie Okobo,139.99884884724844,2019-10-18 14:56:12
24,779,Arnoldas Kulboka,140.0,2019-10-18 14:56:12
25,780,Vlatko Cancar,139.99443413729128,2019-10-18 14:56:12
26,702,Omri Casspi,139.9773897470338,2019-10-18 14:56:12
27,390,Willie Reed,139.99772879946258,2019-10-18 14:56:12
28,285,Cheick Diallo,140.0200863585479,2019-10-18 14:56:12
29,719,Chris Johnson,139.99932849422825,2019-10-18 14:56:12
30,174,Luke Kennard,140.79363403710812,2019-10-18 14:56:12
31,925,Tim Quarterman,140.0,2019-10-18 14:56:12
32,679,Josh Magette,139.99536207778914,2019-10-18 14:56:12
33,153,Brandon Ingram,117.11210977482088,2019-10-18 14:56:12
34,268,Shabazz Napier,140.02130381933338,2019-10-18 14:56:12
35,762,Vincent Edwards,140.00031980555823,2019-10-18 14:56:12
36,70,Bojan Bogdanovic,76.66373549067886,2019-10-18 14:56:12
37,766,Duncan Robinson,139.99114053604555,2019-10-18 14:56:12
38,400,Sim Bhullar,139.97742317162866,2019-10-18 14:56:12
39,94,Ja Morant,80.8709140919849,2019-10-18 14:56:12
40,685,Trevon Duval,139.993155285463,2019-10-18 14:56:12
41,931,Gary Trent Jr,139.9859591888953,2019-10-18 14:56:12
42,651,Xavier Rathan-Mayes,139.99318857727607,2019-10-18 14:56:12
43,230,Dillon Brooks,140.57947930659503,2019-10-18 14:56:12
44,257,Ivan Rabb,140.0475611706381,2019-10-18 14:56:12
45,49,Marvin Bagley III,59.15864385095154,2019-10-18 14:56:12
46,649,Brandon Goodwin,139.99693006299768,2019-10-18 14:56:12
47,95,Wendell Carter Jr,110.62535184237461,2019-10-18 14:56:12
48,133,Jaylen Brown,120.48491827399802,2019-10-18 14:56:12
49,652,Demetrius Jackson,139.99030896181156,2019-10-18 14:56:12
50,269,Jahlil Okafor,140.07459774159497,2019-10-18 14:56:12
51,125,Justise Winslow,138.8997408746281,2019-10-18 14:56:12
52,220,Tyus Jones,140.51767377882985,2019-10-18 14:56:12
53,313,Grayson Allen,139.97969299648224,2019-10-18 14:56:12
54,888,Davon Reed,140.00070366224213,2019-10-18 14:56:12
55,276,Reggie Bullock,140.01135563943447,2019-10-18 14:56:12
56,929,Miye Oni,139.99427474812092,2019-10-18 14:56:12
57,122,Joe Harris,127.45719769673704,2019-10-18 14:56:12
58,848,Lorenzo Brown,139.98893260403673,2019-10-18 14:56:12
59,528,Ben Moore,139.9925788497217,2019-10-18 14:56:12
60,294,Sterling Brown,139.98810399411596,2019-10-18 14:56:12
61,305,Lonnie Walker IV,140.03003262329688,2019-10-18 14:56:12
62,844,Will Cherry,139.997921064415,2019-10-18 14:56:12
63,725,Jarell Eddie,139.99667423491414,2019-10-18 14:56:12
64,96,Andrew Wiggins,88.38879825992387,2019-10-18 14:56:12
65,12,Joel Embiid,12.060025583626478,2019-10-18 14:56:12
66,726,Alfonzo McKinnie,139.98893366596303,2019-10-18 14:56:12
67,657,Frank Mason III,139.98672594677583,2019-10-18 14:56:12
68,306,Wayne Selden,139.99974409826626,2019-10-18 14:56:12
69,656,Monte Morris,140.13916074969615,2019-10-18 14:56:12
70,550,Petr Cornelie,139.99568193449335,2019-10-18 14:56:12
71,769,Juan Vaulet,139.99309131616823,2019-10-18 14:56:12
72,197,Chris Boucher,140.64570404964493,2019-10-18 14:56:12
73,658,Isaiah Taylor,139.99699315462863,2019-10-18 14:56:12
74,515,Joel Bolomboy,139.9959058341863,2019-10-18 14:56:12
75,869,Xavier Munford,139.99443573918327,2019-10-18 14:56:12
76,887,Cameron Reynolds,139.99952019959696,2019-10-18 14:56:12
77,654,Devon Hall,139.9998401176734,2019-10-18 14:56:12
78,655,London Perrantes,139.99587398048936,2019-10-18 14:56:12
79,401,Cady Lalanne,139.9980169518631,2019-10-18 14:56:12
80,653,Tyler Ennis,139.99792093142273,2019-10-18 14:56:12
81,129,Collin Sexton,123.69956820726051,2019-10-18 14:56:12
82,747,BJ Johnson,139.99098177166613,2019-10-18 14:56:12
83,545,Chinanu Onuaku,139.99072474892856,2019-10-18 14:56:12
84,889,Jamel Artis,139.99740932642487,2019-10-18 14:56:12
85,531,Johnathan Motley,139.99558611866306,2019-10-18 14:56:12
86,547,Jonah Bolden,139.98804003709506,2019-10-18 14:56:12
87,146,Kevon Looney,140.14181562370095,2019-10-18 14:56:12
88,414,Thomas Welsh,139.997089862488,2019-10-18 14:56:12
89,644,Semaj Christon,139.99641771949464,2019-10-18 14:56:12
90,392,Daniel Theis,140.03745522006142,2019-10-18 14:56:12
91,908,Daniel Hamilton,139.99379438295693,2019-10-18 14:56:12
92,235,Emmanuel Mudiay,140.4975208726528,2019-10-18 14:56:12
93,508,Jarnell Stokes,140.0,2019-10-18 14:56:12
94,678,Ognjen Jaramaz,139.99225946775846,2019-10-18 14:56:12
95,558,Mathias Lessort,140.0,2019-10-18 14:56:12
96,428,Wang Zhelin,139.87982983623337,2019-10-18 14:56:12
97,557,Guerschon Yabusele,139.99616122840692,2019-10-18 14:56:12
98,265,Thon Maker,140.04939377459291,2019-10-18 14:56:12
99,427,Georgios Papagiannis,139.9948826200985,2019-10-18 14:56:12
100,923,Isaia Cordinier,139.9990404298874,2019-10-18 14:56:12
101,777,Juan Hernangomez,140.02865641091248,2019-10-18 14:56:12
102,692,Caron Butler,139.99200537238974,2019-10-18 14:56:12
103,222,Ante Zizic,140.42395546740033,2019-10-18 14:56:12
104,189,Ivica Zubac,140.37195394947233,2019-10-18 14:56:12
105,792,Mike Dunleavy,139.98998944574151,2019-10-18 14:56:12
106,529,Vince Shamar Hunter,140.0,2019-10-18 14:56:12
107,438,Drew Gooden,139.9928982725528,2019-10-18 14:56:12
108,354,Nene ,139.98656902561478,2019-10-18 14:56:12
109,416,Zhou Qi,139.94031473899693,2019-10-18 14:56:12
110,415,Nikola Milutinov,140.0003198464737,2019-10-18 14:56:12
111,693,Tayshaun Prince,139.99516985477575,2019-10-18 14:56:12
112,439,Amar'e Stoudemire,139.96587019799765,2019-10-18 14:56:12
113,891,Deonte Burton,139.99341137337683,2019-10-18 14:56:12
114,890,Billy Garrett Jr,139.99504333088166,2019-10-18 14:56:12
115,575,Luka Samanic,140.36462763406132,2019-10-18 14:56:12
116,576,Sekou Doumbouya,140.30319897632756,2019-10-18 14:56:12
117,851,Bryce Cotton,139.99149262801035,2019-10-18 14:56:12
118,38,Trae Young,34.61294140225179,2019-10-18 14:56:12
119,163,Mo Bamba,137.99721715766242,2019-10-18 14:56:12
120,507,JaKarr Sampson,139.98909532793962,2019-10-18 14:56:12
121,499,Dorian Finney-Smith,140.05152561888312,2019-10-18 14:56:12
122,273,Zhaire Smith,139.98573393468317,2019-10-18 14:56:12
123,694,Matt Barnes,139.9948188185627,2019-10-18 14:56:12
124,793,Rasual Butler,139.98928548583126,2019-10-18 14:56:12
125,119,Jarrett Culver,129.91242043309984,2019-10-18 14:56:12
126,863,Sir'Dominic Pointer,139.99283498064804,2019-10-18 14:56:12
127,566,Alize Johnson,139.99948834383295,2019-10-18 14:56:12
128,744,Shabazz Muhammad,139.99069246761553,2019-10-18 14:56:12
129,748,Nigel Hayes,139.99702552293226,2019-10-18 14:56:12
130,440,Luis Scola,139.98560967030156,2019-10-18 14:56:12
131,155,Kyle Anderson,141.01404260763866,2019-10-18 14:56:12
132,881,Jordan Adams,139.99443484935713,2019-10-18 14:56:12
133,922,Jaylen Morris,139.9968981836787,2019-10-18 14:56:12
134,850,Vander Blue,139.9948819653253,2019-10-18 14:56:12
135,568,Bruno Fernando,139.99888050153533,2019-10-18 14:56:12
136,632,Russ Smith,139.997409160696,2019-10-18 14:56:12
137,892,Zach Lofton,139.9987528380928,2019-10-18 14:56:12
138,924,David Michineau,139.99475401445844,2019-10-18 14:56:12
139,299,Mike Muscala,140.01816727970575,2019-10-18 14:56:12
140,932,Jordan Poole,139.83243779185057,2019-10-18 14:56:12
141,279,Jerian Grant,140.00598170302604,2019-10-18 14:56:12
142,633,Eric Atkins,139.99571515364693,2019-10-18 14:56:12
143,61,Jaren Jackson Jr,68.5080273762313,2019-10-18 14:56:12
144,909,Rade Zagorac,139.9168638485643,2019-10-18 14:56:12
145,418,Anzejs Pasecniks,139.99808122801406,2019-10-18 14:56:12
146,774,Melvin Frazier Jr,139.99465822217957,2019-10-18 14:56:12
147,870,RJ Hunter,139.99574590583418,2019-10-18 14:56:12
148,730,DeAndre Daniels,139.99600140750456,2019-10-18 14:56:12
149,9,Ben Simmons,10.347108495394064,2019-10-18 14:56:12
150,241,Michael Porter Jr,137.03233544425254,2019-10-18 14:56:12
151,399,Khem Birch,139.99677006715703,2019-10-18 14:56:12
152,228,Pat Connaughton,140.41923827188128,2019-10-18 14:56:12
153,756,Damien Inglis,139.99836862644744,2019-10-18 14:56:12
154,914,Antonio Blakeney,140.00022389969294,2019-10-18 14:56:12
155,755,Thanasis Antetokounmpo,139.78731367155012,2019-10-18 14:56:12
156,913,Brandon Sampson,139.99942425793245,2019-10-18 14:56:12
157,42,Kristaps Porzingis,54.17892211738366,2019-10-18 14:56:12
158,233,Jusuf Nurkic,139.32687388078793,2019-10-18 14:56:12
159,23,Clint Capela,31.390541059094396,2019-10-18 14:56:12
160,323,Dante Exum,139.98845391159728,2019-10-18 14:56:12
161,262,Anfernee Simons,140.12112685063792,2019-10-18 14:56:12
162,328,Tyrone Wallace,139.99827327087263,2019-10-18 14:56:12
163,47,Mitchell Robinson,70.3712622725383,2019-10-18 14:56:12
164,142,Darius Garland,138.11124616171955,2019-10-18 14:56:12
165,918,Tyler Dorsey,140.0,2019-10-18 14:56:12
166,16,Deandre Ayton,24.191492083799776,2019-10-18 14:56:12
167,634,Keith Appling,140.0,2019-10-18 14:56:12
168,911,Quinndary Weatherspoon,139.9821200102354,2019-10-18 14:56:12
169,549,Alpha Kaba,139.9952352019443,2019-10-18 14:56:12
170,767,Timothe Luwawu-Cabarrot,139.99712128966223,2019-10-18 14:56:12
171,785,Darius Bazley,140.38664278403274,2019-10-18 14:56:12
172,768,Paul Zipser,139.79571474256477,2019-10-18 14:56:12
173,912,Malik Newman,139.99728078313447,2019-10-18 14:56:12
174,548,Aleksandar Vezenkov,139.99421188961017,2019-10-18 14:56:12
175,635,Pierre Deshawn Jackson,139.99312352075736,2019-10-18 14:56:12
176,157,Cedi Osman,140.47095515322115,2019-10-18 14:56:12
177,496,Adreian Payne,139.99612998144949,2019-10-18 14:56:12
178,417,Arturas Gudaitis,139.98554525103933,2019-10-18 14:56:12
179,240,Seth Curry,139.41828414287085,2019-10-18 14:56:12
180,58,CJ McCollum,53.27416621366674,2019-10-18 14:56:12
181,318,Ben McLemore,139.99645027182603,2019-10-18 14:56:12
182,139,Nickeil Alexander-Walker,139.3062823875632,2019-10-18 14:56:12
183,187,Mikal Bridges,140.64410194097144,2019-10-18 14:56:12
184,857,Ron Baker,139.96319273448242,2019-10-18 14:56:12
185,432,Daniel Gafford,140.00204741034582,2019-10-18 14:56:12
186,569,Chuma Okeke,140.364691958288,2019-10-18 14:56:12
187,253,Allen Crabbe,140.06179631525077,2019-10-18 14:56:12
188,224,Derrick Jones Jr,140.4221689059501,2019-10-18 14:56:12
189,424,Stephen Zimmerman,139.87108225662018,2019-10-18 14:56:12
190,570,Nicolas Claxton,140.03128198567043,2019-10-18 14:56:12
191,10,Pascal Siakam,14.596219051884077,2019-10-18 14:56:12
192,731,Darrun Hilliard,139.99581001119464,2019-10-18 14:56:12
193,93,Shai Gilgeous-Alexander,100.58696347470095,2019-10-18 14:56:12
194,213,Patrick Beverley,138.611701106775,2019-10-18 14:56:12
195,165,Kevin Knox,138.8014329580348,2019-10-18 14:56:12
196,375,DeJuan Blair,139.99827321565618,2019-10-18 14:56:12
197,178,PJ Washington,140.37771095899174,2019-10-18 14:56:12
198,571,Jarred Vanderbilt,139.99593898890416,2019-10-18 14:56:12
199,832,Scotty Hopson,140.0,2019-10-18 14:56:12
200,686,Tremont Waters,139.97824696097248,2019-10-18 14:56:12
201,703,Chase Budinger,139.99542663425868,2019-10-18 14:56:12
202,855,Tyler Harvey,140.0,2019-10-18 14:56:12
203,179,DeMarre Carroll,140.8568183999232,2019-10-18 14:56:12
204,597,Darren Collison,139.9474912858559,2019-10-18 14:56:12
205,296,Dante Cunningham,139.99756924454678,2019-10-18 14:56:12
206,6,Stephen Curry,5.616388409134523,2019-10-18 14:56:12
207,24,DeMar DeRozan,27.417175755637295,2019-10-18 14:56:12
208,598,Toney Douglas,140.0,2019-10-18 14:56:12
209,238,Allonzo Trier,140.4134953629677,2019-10-18 14:56:12
210,295,Wayne Ellington,139.9921622572699,2019-10-18 14:56:12
211,811,Tyreke Evans,140.00364659970572,2019-10-18 14:56:12
212,936,Romeo Langford,140.28770628118204,2019-10-18 14:56:12
213,180,Taj Gibson,140.79609787302095,2019-10-18 14:56:12
214,173,Danny Green,135.16117579324464,2019-10-18 14:56:12
215,37,Blake Griffin,35.48611821903787,2019-10-18 14:56:12
216,464,Tyler Hansbrough,139.9994242210991,2019-10-18 14:56:12
217,5,James Harden,4.375951634572324,2019-10-18 14:56:12
218,812,Gerald Henderson,139.99347638387005,2019-10-18 14:56:12
219,465,Jordan Hill,139.99357149710556,2019-10-18 14:56:12
220,29,Jrue Holiday,34.029514277491764,2019-10-18 14:56:12
221,599,Brandon Jennings,139.98733367451382,2019-10-18 14:56:12
222,407,Edy Tavares,139.99590504830763,2019-10-18 14:56:12
223,466,Jonas Jerebko,140.0051821758741,2019-10-18 14:56:12
224,128,James Johnson,140.1489252814739,2019-10-18 14:56:12
225,600,Ty Lawson,139.99552300853827,2019-10-18 14:56:12
226,309,Jodie Meeks,139.98282369498466,2019-10-18 14:56:12
227,226,Patty Mills,140.38026862807803,2019-10-18 14:56:12
228,467,Jeff Ayres,140.0,2019-10-18 14:56:12
229,53,Ricky Rubio,70.7346534020025,2019-10-18 14:56:12
230,7,LeBron James,5.6732964538099955,2019-10-18 14:56:12
231,830,James Nunnally,139.9977926357209,2019-10-18 14:56:12
232,89,Jeff Teague,104.53469779341222,2019-10-18 14:56:12
233,315,Matisse Thybulle,139.967222026798,2019-10-18 14:56:12
234,497,Richard Solomon,140.0,2019-10-18 14:56:12
235,100,Larry Nance Jr,121.74213051823416,2019-10-18 14:56:12
236,135,Dejounte Murray,130.202821136131,2019-10-18 14:56:12
237,112,Dennis Schroder,120.75887545576664,2019-10-18 14:56:12
238,406,Lucas Nogueira,139.99971209213052,2019-10-18 14:56:12
239,1,Giannis Antetokounmpo,1.2925768382000191,2019-10-18 14:56:12
240,80,Dario Saric,99.64802200262241,2019-10-18 14:56:12
241,15,Rudy Gobert,15.40101717685443,2019-10-18 14:56:12
242,346,Carmelo Anthony,139.7109404990403,2019-10-18 14:56:12
243,244,Garrett Temple,140.32042219734527,2019-10-18 14:56:12
244,765,Kevin Hervey,140.00127905861285,2019-10-18 14:56:12
245,441,Chris Bosh,139.95732155997058,2019-10-18 14:56:12
246,442,Nick Collison,139.99715300214325,2019-10-18 14:56:12
247,199,Marquese Chriss,140.0060776661762,2019-10-18 14:56:12
248,794,Kirk Hinrich,139.99478683596124,2019-10-18 14:56:12
249,355,Chris Kaman,139.99718598106932,2019-10-18 14:56:12
250,186,Wesley Matthews,140.76082019129265,2019-10-18 14:56:12
251,795,Dwyane Wade,139.76205859774822,2019-10-18 14:56:12
252,673,Justin Wright-Foreman,140.00294249344336,2019-10-18 14:56:12
253,579,Steve Blake,139.99945624360288,2019-10-18 14:56:12
254,443,Matt Bonner,139.98986119107016,2019-10-18 14:56:12
255,745,Erik McCree,139.9960029418348,2019-10-18 14:56:12
256,796,Dahntay Jones,139.99667306461933,2019-10-18 14:56:12
257,695,James Jones,139.9881980426022,2019-10-18 14:56:12
258,239,Kyle Korver,139.95774692937565,2019-10-18 14:56:12
259,505,James Michael McAdoo,139.9932495121093,2019-10-18 14:56:12
260,860,PJ Hairston,139.99606689476545,2019-10-18 14:56:12
261,356,Zaza Pachulia,139.96465357302796,2019-10-18 14:56:12
262,357,Kendrick Perkins,139.96989666975912,2019-10-18 14:56:12
263,915,Luis Montero,140.0,2019-10-18 14:56:12
264,885,Daniel Diez,140.0,2019-10-18 14:56:12
265,59,Domantas Sabonis,71.61582011258956,2019-10-18 14:56:12
266,308,Dragan Bender,139.98637715455214,2019-10-18 14:56:12
267,935,Talen Horton-Tucker,139.9852908259521,2019-10-18 14:56:12
268,301,Kevin Porter Jr,139.9943716021746,2019-10-18 14:56:12
269,689,Metta World Peace,139.78822287615148,2019-10-18 14:56:12
270,52,Jamal Murray,51.55997696884396,2019-10-18 14:56:12
271,861,Sheldon Mac,140.0,2019-10-18 14:56:12
272,288,Skal Labissiere,140.02622657199512,2019-10-18 14:56:12
273,677,Isaiah Briscoe,139.99852865916068,2019-10-18 14:56:12
274,498,Eric Moreland,139.99363607291335,2019-10-18 14:56:12
275,727,Anthony Brown,139.9978894183109,2019-10-18 14:56:12
276,73,Dwight Powell,103.09807120237981,2019-10-18 14:56:12
277,486,Mitchell Watt,139.9948501423408,2019-10-18 14:56:12
278,728,Josh Huestis,140.0,2019-10-18 14:56:12
279,858,Nick Johnson,139.9986249680225,2019-10-18 14:56:12
280,162,Jaxson Hayes,140.347769070846,2019-10-18 14:56:12
281,601,Pablo Prigioni,139.9875583701145,2019-10-18 14:56:12
282,350,Milos Teodosic,139.98372189708658,2019-10-18 14:56:12
283,468,Kostas Papanikolaou,139.9702834111701,2019-10-18 14:56:12
284,879,Tahjere McCall,139.99513817809623,2019-10-18 14:56:12
285,827,Patrick Christopher,140.0,2019-10-18 14:56:12
286,434,Bol Bol,139.54402686710378,2019-10-18 14:56:12
287,797,Leandro Barbosa,139.99542634171306,2019-10-18 14:56:12
288,444,Boris Diaw,139.98826200985096,2019-10-18 14:56:12
289,445,David West,139.98531622892608,2019-10-18 14:56:12
290,580,Mo Williams,139.97268773186644,2019-10-18 14:56:12
291,46,Otto Porter Jr,58.18489974736977,2019-10-18 14:56:12
292,704,Reggie Williams,139.97902410948393,2019-10-18 14:56:12
293,259,Vince Carter,139.69823090949805,2019-10-18 14:56:12
294,446,Udonis Haslem,139.98822776711452,2019-10-18 14:56:12
295,705,Alonzo Gee,139.97867101560502,2019-10-18 14:56:12
296,760,Kenrich Williams,140.00780225753846,2019-10-18 14:56:12
297,937,Marcos Louzada Silva,139.98263677933042,2019-10-18 14:56:12
298,342,John Wall,139.54470738727215,2019-10-18 14:56:12
299,57,Eric Bledsoe,70.85750383828045,2019-10-18 14:56:12
300,786,Deividas Sirvydis,139.99373060806704,2019-10-18 14:56:12
301,216,Evan Turner,140.4949297847158,2019-10-18 14:56:12
302,272,Avery Bradley,140.14730343548078,2019-10-18 14:56:12
303,813,James Anderson,139.9973773428005,2019-10-18 14:56:12
304,814,Jordan Crawford,139.98963929393707,2019-10-18 14:56:12
305,706,Lance Stephenson,139.92172161289292,2019-10-18 14:56:12
306,707,Wesley Johnson,139.99900866617634,2019-10-18 14:56:12
307,98,Al-Farouq Aminu,122.16418244626408,2019-10-18 14:56:12
308,750,Maurice Ndour,140.0,2019-10-18 14:56:12
309,84,Gordon Hayward,83.65621801432958,2019-10-18 14:56:12
310,708,Luke Babbitt,139.99337811900193,2019-10-18 14:56:12
311,33,Paul George,20.334666197498482,2019-10-18 14:56:12
312,326,Quincy Pondexter,139.98918918918918,2019-10-18 14:56:12
313,763,Rashad Vaughn,139.99664128974473,2019-10-18 14:56:12
314,54,Derrick Favors,82.25942506315351,2019-10-18 14:56:12
315,347,DeMarcus Cousins,139.59334612923865,2019-10-18 14:56:12
316,663,Jevon Carter,139.96120386362182,2019-10-18 14:56:12
317,164,Ed Davis,140.9132465372189,2019-10-18 14:56:12
318,330,Patrick McCaw,139.9805496017147,2019-10-18 14:56:12
319,329,Greg Monroe,139.98867671048845,2019-10-18 14:56:12
320,261,Jamal Crawford,139.98995714194334,2019-10-18 14:56:12
321,376,Ekpe Udoh,139.97674716136254,2019-10-18 14:56:12
322,48,Hassan Whiteside,65.99197185351032,2019-10-18 14:56:12
323,324,Patrick Patterson,139.98803850705215,2019-10-18 14:56:12
324,898,Keenan Evans,140.0,2019-10-18 14:56:12
325,377,Larry Sanders,139.98554155204403,2019-10-18 14:56:12
326,75,Myles Turner,83.77001087721543,2019-10-18 14:56:12
327,378,Cole Aldrich,139.99830508474577,2019-10-18 14:56:12
328,159,Troy Brown Jr,141.1044098365898,2019-10-18 14:56:12
329,117,Nemanja Bjelica,136.26243244107582,2019-10-18 14:56:12
330,469,Trevor Booker,139.97729017400204,2019-10-18 14:56:12
331,754,Troy Williams,139.9973453591761,2019-10-18 14:56:12
332,206,Noah Vonleh,139.39953293451487,2019-10-18 14:56:12
333,782,KZ Okpala,140.01394664448853,2019-10-18 14:56:12
334,379,Tibor Pleiss,139.99379537531584,2019-10-18 14:56:12
335,687,Jaylen Hands,139.99386012599533,2019-10-18 14:56:12
336,380,Kevin Seraphin,139.9938903461071,2019-10-18 14:56:12
337,101,Kelly Oubre Jr,110.04112173440348,2019-10-18 14:56:12
338,602,Greivis Vasquez,139.996738191935,2019-10-18 14:56:12
339,759,Sviatoslav Mykhailiuk,139.99325102354146,2019-10-18 14:56:12
340,662,Devonte' Graham,140.00249496209577,2019-10-18 14:56:12
341,538,Cliff Alexander,139.9979530480394,2019-10-18 14:56:12
342,815,Elliot Williams,139.98486932599724,2019-10-18 14:56:12
343,709,Jeremy Evans,139.9957148796009,2019-10-18 14:56:12
344,903,Gian Clavell,139.99462795382598,2019-10-18 14:56:12
345,778,Jemerrio Jones,139.99683412746634,2019-10-18 14:56:12
346,381,Timofey Mozgov,139.97732651103294,2019-10-18 14:56:12
347,574,Alen Smailagic,139.9993923111367,2019-10-18 14:56:12
348,603,Jeremy Lin,139.8219883564711,2019-10-18 14:56:12
349,604,Gary Neal,139.9936358693914,2019-10-18 14:56:12
350,605,Donald Sloan,139.99836925241414,2019-10-18 14:56:12
351,185,Ish Smith,140.91311438713186,2019-10-18 14:56:12
352,646,Cody Demps,140.0,2019-10-18 14:56:12
353,573,Ignas Brazdeikis,139.97482727737975,2019-10-18 14:56:12
354,764,Devin Robinson,139.99440161233565,2019-10-18 14:56:12
355,816,Elijah Millsap,139.99676903390915,2019-10-18 14:56:12
356,103,Robert Covington,118.90106832139202,2019-10-18 14:56:12
357,670,Chris Chiozza,139.99533009211873,2019-10-18 14:56:12
358,260,Malik Beasley,140.15610910369966,2019-10-18 14:56:12
359,277,Dwayne Bacon,140.15685271069887,2019-10-18 14:56:12
360,772,Terance Mann,139.9897319429339,2019-10-18 14:56:12
361,625,Isaiah Canaan,139.99539450538907,2019-10-18 14:56:12
362,435,Kevin Garnett,139.90948634299238,2019-10-18 14:56:12
363,817,Manny Harris,139.99859267551577,2019-10-18 14:56:12
364,859,Jabari Brown,139.99795258965418,2019-10-18 14:56:12
365,123,Spencer Dinwiddie,119.25051965079467,2019-10-18 14:56:12
366,917,Justin James,139.9830524733796,2019-10-18 14:56:12
367,789,Manu Ginobili,139.95061412487206,2019-10-18 14:56:12
368,642,Olivier Hanlan,139.99673756596835,2019-10-18 14:56:12
369,225,Landry Shamet,140.51327320411949,2019-10-18 14:56:12
370,382,Boban Marjanovic,139.72298096913482,2019-10-18 14:56:12
371,471,Lavoy Allen,140.0,2019-10-18 14:56:12
372,214,Davis Bertans,140.50585412667945,2019-10-18 14:56:12
373,172,Bismack Biyombo,140.81671357298197,2019-10-18 14:56:12
374,758,Donte Grantham,139.9970897694202,2019-10-18 14:56:12
375,145,Aaron Holiday,140.9790220971507,2019-10-18 14:56:12
376,818,MarShon Brooks,140.0,2019-10-18 14:56:12
377,247,Alec Burks,140.06742579324464,2019-10-18 14:56:12
378,18,Jimmy Butler,24.593547149298118,2019-10-18 14:56:12
379,606,Norris Cole,139.99338066001536,2019-10-18 14:56:12
380,470,Mirza Teletovic,139.99833674513818,2019-10-18 14:56:12
381,472,Kenneth Faried,140.36329324462642,2019-10-18 14:56:12
382,819,Jimmer Fredette,139.95003358817695,2019-10-18 14:56:12
383,607,Andrew Goudelock,139.9987848943178,2019-10-18 14:56:12
384,820,Jordan Hamilton,140.0,2019-10-18 14:56:12
385,833,Andre Dawkins,139.99769725269454,2019-10-18 14:56:12
386,710,Justin Harper,139.99737717502558,2019-10-18 14:56:12
387,28,Tobias Harris,35.56554702495202,2019-10-18 14:56:12
388,25,Kyrie Irving,21.561256477512636,2019-10-18 14:56:12
389,138,Reggie Jackson,137.79666709314228,2019-10-18 14:56:12
390,207,Cory Joseph,140.5920038381577,2019-10-18 14:56:12
391,55,Enes Kanter,55.60971240282799,2019-10-18 14:56:12
392,316,Brandon Knight,139.98433002878159,2019-10-18 14:56:12
393,32,Kawhi Leonard,18.74678646799258,2019-10-18 14:56:12
394,473,Jon Leuer,139.99724888035828,2019-10-18 14:56:12
395,711,DeAndre Liggins,139.99149126735333,2019-10-18 14:56:12
396,267,Shelvin Mack,140.01269993602048,2019-10-18 14:56:12
397,474,Nikola Mirotic,139.98259868210607,2019-10-18 14:56:12
398,307,E'Twaun Moore,139.99328300921186,2019-10-18 14:56:12
399,210,Markieff Morris,140.56687673949904,2019-10-18 14:56:12
400,191,Marcus Morris,139.84405283525763,2019-10-18 14:56:12
401,510,Jameel Warney,139.99689748920517,2019-10-18 14:56:12
402,696,Tony Allen,139.99123508525,2019-10-18 14:56:12
403,475,Donatas Motiejunas,139.98832523029682,2019-10-18 14:56:12
404,340,Chandler Parsons,139.98320537428023,2019-10-18 14:56:12
405,770,Luka Mitrovic,139.99923241756485,2019-10-18 14:56:12
406,712,Iman Shumpert,139.96775947545177,2019-10-18 14:56:12
407,713,Kyle Singler,139.9793432034023,2019-10-18 14:56:12
408,271,Isaiah Thomas,140.0654106960082,2019-10-18 14:56:12
409,615,Jonathan Gibson,139.99728121801434,2019-10-18 14:56:12
410,113,Tristan Thompson,131.5627118644068,2019-10-18 14:56:12
411,551,Dimitrios Agravanis,139.99878446676476,2019-10-18 14:56:12
412,334,Klay Thompson,134.11202430444516,2019-10-18 14:56:12
413,430,Tony Bradley,139.99936022520072,2019-10-18 14:56:12
414,539,Eric Paschall,139.99014904368963,2019-10-18 14:56:12
415,31,Jonas Valanciunas,42.197153366384136,2019-10-18 14:56:12
416,798,Devin Harris,139.98733488981995,2019-10-18 14:56:12
417,20,Nikola Vucevic,20.71209262161384,2019-10-18 14:56:12
418,834,Sean Kilpatrick,139.99654477397064,2019-10-18 14:56:12
419,429,Dewan Hernandez,139.9928025335082,2019-10-18 14:56:12
420,933,Jaylen Nowell,139.99069068108386,2019-10-18 14:56:12
421,51,Kemba Walker,41.41171577566625,2019-10-18 14:56:12
422,621,Erick Green,139.99686510348357,2019-10-18 14:56:12
423,79,Dwight Howard,101.3844874460259,2019-10-18 14:56:12
424,476,Derrick Williams,139.97978311634304,2019-10-18 14:56:12
425,270,Bruce Brown,140.0815634595701,2019-10-18 14:56:12
426,256,Andre Iguodala,139.6376867223235,2019-10-18 14:56:12
427,866,Marcus Georges-Hunt,139.99661016949153,2019-10-18 14:56:12
428,358,Al Jefferson,139.99404971368247,2019-10-18 14:56:12
429,477,Lance Thomas,139.996738191935,2019-10-18 14:56:12
430,215,Josh Okogie,140.48522640061398,2019-10-18 14:56:12
431,581,Shaun Livingston,139.93725816251478,2019-10-18 14:56:12
432,799,Kevin Martin,140.00054379118419,2019-10-18 14:56:12
433,559,Mfiondu Kabengele,140.05537250887687,2019-10-18 14:56:12
434,402,Joffrey Lauvergne,139.99865655887152,2019-10-18 14:56:12
435,359,Emeka Okafor,139.98682274675366,2019-10-18 14:56:12
436,106,Jonathan Isaac,126.09395092927289,2019-10-18 14:56:12
437,320,Frank Jackson,139.98103310411003,2019-10-18 14:56:12
438,488,Jerrelle Benimon,140.0,2019-10-18 14:56:12
439,821,Xavier Silas,139.99257979914285,2019-10-18 14:56:12
440,160,Harry Giles III,140.96734471950361,2019-10-18 14:56:12
441,862,Damion Lee,139.98486932599724,2019-10-18 14:56:12
442,489,Jack Cooley,139.99389190917813,2019-10-18 14:56:12
443,864,Sergey Karasev,139.99542678051745,2019-10-18 14:56:12
444,35,Jayson Tatum,34.29119227325061,2019-10-18 14:56:12
445,608,Dwight Buycks,139.98957233790742,2019-10-18 14:56:12
446,512,Jake Layman,140.5240197019126,2019-10-18 14:56:12
447,697,Josh Smith,139.9866611221291,2019-10-18 14:56:12
448,609,Brad Wanamaker,139.9828214971209,2019-10-18 14:56:12
449,720,Ryan Kelly,139.98816530194472,2019-10-18 14:56:12
450,104,Mason Plumlee,115.51103223330774,2019-10-18 14:56:12
451,360,Anderson Varejao,139.9693946080783,2019-10-18 14:56:12
452,757,Bruno Caboclo,140.05239252814738,2019-10-18 14:56:12
453,800,Sasha Vujacic,139.99110798362332,2019-10-18 14:56:12
454,218,Trevor Ariza,140.49459407587486,2019-10-18 14:56:12
455,698,Luol Deng,139.9852230929154,2019-10-18 14:56:12
456,721,Travis Wear,139.9963538668202,2019-10-18 14:56:12
457,487,David Wear,139.9935384812232,2019-10-18 14:56:12
458,511,Amile Jefferson,139.9969934431473,2019-10-18 14:56:12
459,871,Charles Cooke,140.0,2019-10-18 14:56:12
460,447,Kris Humphries,139.98090455475946,2019-10-18 14:56:12
461,383,Greg Smith,139.99500991619217,2019-10-18 14:56:12
462,740,Jaron Blossomgame,139.99162216608576,2019-10-18 14:56:12
463,736,Aaron White,139.99293161901107,2019-10-18 14:56:12
464,582,Jameer Nelson,139.99849662540385,2019-10-18 14:56:12
465,882,Bryn Forbes,140.20403006556853,2019-10-18 14:56:12
466,921,Malachi Richardson,139.9979853538422,2019-10-18 14:56:12
467,801,JR Smith,139.8640885391677,2019-10-18 14:56:12
468,90,Dewayne Dedmon,121.9593155285463,2019-10-18 14:56:12
469,513,Brice Johnson,139.99334846982828,2019-10-18 14:56:12
470,643,Marcus Paige,140.0,2019-10-18 14:56:12
471,822,Julyan Stone,139.99187667903288,2019-10-18 14:56:12
472,880,Milton Doyle,139.99312286088988,2019-10-18 14:56:12
473,680,Ty Jerome,140.38987876267555,2019-10-18 14:56:12
474,583,Beno Udrih,139.99520153550864,2019-10-18 14:56:12
475,556,Tyler Lydon,139.99622605302716,2019-10-18 14:56:12
476,91,De'Andre Hunter,106.16467841494227,2019-10-18 14:56:12
477,664,Jaylen Adams,139.99888042991492,2019-10-18 14:56:12
478,926,Kyle Guy,139.9483784302437,2019-10-18 14:56:12
479,109,Derrick White,104.23108410617205,2019-10-18 14:56:12
480,893,Antonius Cleveland,139.99699315462863,2019-10-18 14:56:12
481,741,Justin Anderson,139.99891248720573,2019-10-18 14:56:12
482,404,Mike Tobey,139.99715363950364,2019-10-18 14:56:12
483,868,Rodney Purvis,139.9969292774206,2019-10-18 14:56:12
484,867,JP Tokoto,139.99401867963152,2019-10-18 14:56:12
485,714,Alan Anderson,140.0,2019-10-18 14:56:12
486,126,TJ Warren,129.27795547594678,2019-10-18 14:56:12
487,835,Lamar Patterson,139.99549002047084,2019-10-18 14:56:12
488,478,Quincy Acy,139.98749720205927,2019-10-18 14:56:12
489,479,Furkan Aldemir,139.99308999008286,2019-10-18 14:56:12
490,110,Harrison Barnes,115.97710338652425,2019-10-18 14:56:12
491,737,Branden Dawson,140.0,2019-10-18 14:56:12
492,899,Jared Terrell,139.9986566448105,2019-10-18 14:56:12
493,114,Will Barton,130.44862980846096,2019-10-18 14:56:12
494,141,Dennis Smith Jr,130.5548591346615,2019-10-18 14:56:12
495,11,Bradley Beal,14.474760076775432,2019-10-18 14:56:12
496,154,Jae Crowder,140.6092226024112,2019-10-18 14:56:12
497,823,Jared Cunningham,140.0,2019-10-18 14:56:12
498,3,Anthony Davis,3.6134480662806694,2019-10-18 14:56:12
499,761,Yuta Watanabe,139.97821984840246,2019-10-18 14:56:12
500,8,Andre Drummond,11.392796596615808,2019-10-18 14:56:12
501,314,Jacob Evans,139.983079580348,2019-10-18 14:56:12
502,384,Festus Ezeli,139.9986569025615,2019-10-18 14:56:12
503,636,Chasson Randle,139.99968010236725,2019-10-18 14:56:12
504,115,Evan Fournier,126.41914233634998,2019-10-18 14:56:12
505,36,Draymond Green,38.9761402162093,2019-10-18 14:56:12
506,385,Justin Hamilton,139.9936018426693,2019-10-18 14:56:12
507,738,Treveon Graham,139.99872049133134,2019-10-18 14:56:12
508,229,Maurice Harkless,140.4838802533103,2019-10-18 14:56:12
509,221,John Henson,140.43885513271508,2019-10-18 14:56:12
510,637,Briante Weber,139.998016888434,2019-10-18 14:56:12
511,293,Cameron Payne,139.99689719147847,2019-10-18 14:56:12
512,824,John Jenkins,139.9986565158979,2019-10-18 14:56:12
513,825,Orlando Johnson,139.99456243602867,2019-10-18 14:56:12
514,480,Terrence Jones,139.9953942107788,2019-10-18 14:56:12
515,203,Michael Kidd-Gilchrist,140.55093880945526,2019-10-18 14:56:12
516,699,Damien Wilkins,139.9741613635637,2019-10-18 14:56:12
517,83,Jeremy Lamb,91.92504798464492,2019-10-18 14:56:12
518,201,Meyers Leonard,140.41318533683065,2019-10-18 14:56:12
519,13,Damian Lillard,12.230390432641576,2019-10-18 14:56:12
520,610,Kendall Marshall,139.9974097406543,2019-10-18 14:56:12
521,40,Thomas Bryant,66.1984771898394,2019-10-18 14:56:12
522,56,Khris Middleton,50.478358232828946,2019-10-18 14:56:12
523,351,Darius Miller,139.98161118040233,2019-10-18 14:56:12
524,894,Jabari Bird,140.0,2019-10-18 14:56:12
525,196,OG Anunoby,140.44116047724145,2019-10-18 14:56:12
526,836,Rodney McGruder,139.9940508555893,2019-10-18 14:56:12
527,481,Andrew Nicholson,139.99660951893551,2019-10-18 14:56:12
528,335,Kyle O'Quinn,139.98931576085218,2019-10-18 14:56:12
529,348,Miles Plumlee,139.9808411962258,2019-10-18 14:56:12
530,282,Austin Rivers,140.0257484646878,2019-10-18 14:56:12
531,735,Malcolm Miller,139.99123536561962,2019-10-18 14:56:12
532,482,Thomas Robinson,140.00073550574015,2019-10-18 14:56:12
533,111,Terrence Ross,119.93575517252407,2019-10-18 14:56:12
534,386,Robert Sacre,139.98416658669993,2019-10-18 14:56:12
535,148,Tomas Satoransky,138.9248856329377,2019-10-18 14:56:12
536,275,Mike Scott,139.9771905691161,2019-10-18 14:56:12
537,387,Jared Sullinger,140.0,2019-10-18 14:56:12
538,611,Marquis Teague,139.98944506636815,2019-10-18 14:56:12
539,264,Dion Waiters,140.21229086023226,2019-10-18 14:56:12
540,612,Tony Wroten,139.9465353499824,2019-10-18 14:56:12
541,483,Arinze Onuaku,139.9927408781299,2019-10-18 14:56:12
542,751,George King,139.99587411245443,2019-10-18 14:56:12
543,388,Tyler Zeller,139.99421207469942,2019-10-18 14:56:12
544,715,Hollis Thompson,139.99200537238974,2019-10-18 14:56:12
545,716,Chris Copeland,140.0,2019-10-18 14:56:12
546,192,Kent Bazemore,140.8255683816711,2019-10-18 14:56:12
547,613,Brian Roberts,140.0,2019-10-18 14:56:12
548,614,Scott Machado,140.0,2019-10-18 14:56:12
549,423,Isaac Humphries,139.99587371653394,2019-10-18 14:56:12
550,389,Henry Sims,139.99437052200614,2019-10-18 14:56:12
551,852,Jordan McRae,140.0024630541872,2019-10-18 14:56:12
552,514,Tyler Cavanaugh,139.99731380512296,2019-10-18 14:56:12
553,195,Rondae Hollis-Jefferson,140.725022387105,2019-10-18 14:56:12
554,87,Aaron Gordon,87.09889969293756,2019-10-18 14:56:12
555,202,Jalen Brunson,140.66552606331948,2019-10-18 14:56:12
556,332,Donte DiVincenzo,139.9828534868842,2019-10-18 14:56:12
557,776,Marcus Derrickson,139.99616159677575,2019-10-18 14:56:12
558,426,Tyler Davis,140.0009915874996,2019-10-18 14:56:12
559,543,Mindaugas Kuzminskas,139.98308336797672,2019-10-18 14:56:12
560,237,Justin Holiday,140.30623080859775,2019-10-18 14:56:12
561,555,Drew Eubanks,139.99843315319924,2019-10-18 14:56:12
562,421,Chimezie Metu,139.9977615758506,2019-10-18 14:56:12
563,88,RJ Barrett,77.26811246521447,2019-10-18 14:56:12
564,249,Omari Spellman,140.06556013943523,2019-10-18 14:56:12
565,577,Andre Miller,139.99229317898372,2019-10-18 14:56:12
566,26,Zion Williamson,17.78195248297253,2019-10-18 14:56:12
567,231,Cam Reddish,138.55296488198042,2019-10-18 14:56:12
568,490,Cory Jefferson,139.9921954964176,2019-10-18 14:56:12
569,168,Kentavious Caldwell-Pope,140.51952662721894,2019-10-18 14:56:12
570,352,Nazr Mohammed,139.98509515432593,2019-10-18 14:56:12
571,484,Alex Stepheson,140.00006395293065,2019-10-18 14:56:12
572,284,Nassir Little,140.0097245769489,2019-10-18 14:56:12
573,176,Coby White,138.15928863868987,2019-10-18 14:56:12
574,502,Kyle Wiltjer,139.96590981771666,2019-10-18 14:56:12
575,910,Marcus Eriksson,140.0,2019-10-18 14:56:12
576,66,Malcolm Brogdon,80.25240638291068,2019-10-18 14:56:12
577,622,Tim Frazier,140.00028787103378,2019-10-18 14:56:12
578,77,Zach LaVine,65.35776206775215,2019-10-18 14:56:12
579,739,Abdel Nader,139.98081105283356,2019-10-18 14:56:12
580,412,Cristiano Felicio,139.9815430874544,2019-10-18 14:56:12
581,905,Cody Martin,139.99548958766513,2019-10-18 14:56:12
582,886,Axel Toupane,139.9984965773143,2019-10-18 14:56:12
583,300,Jordan Bell,140.02062943772788,2019-10-18 14:56:12
584,787,Justin Jackson,140.00565983436192,2019-10-18 14:56:12
585,671,Joel Berry II,139.99683341862846,2019-10-18 14:56:12
586,660,Nigel Williams-Goss,139.9838802533103,2019-10-18 14:56:12
587,537,Gary Clark,139.99225897255454,2019-10-18 14:56:12
588,419,Satnam Singh Bhamara,139.9580455359427,2019-10-18 14:56:12
589,436,Dirk Nowitzki,139.8473004094166,2019-10-18 14:56:12
590,345,Solomon Hill,140.0,2019-10-18 14:56:12
591,828,John Holland,140.0,2019-10-18 14:56:12
592,134,Delon Wright,139.1110222620266,2019-10-18 14:56:12
593,672,Nikola Radicevic,140.0,2019-10-18 14:56:12
594,837,Brandon Paul,139.99577910657757,2019-10-18 14:56:12
595,554,Jarrell Brantley,140.0,2019-10-18 14:56:12
596,242,Quinn Cook,140.25043967639817,2019-10-18 14:56:12
597,729,KJ McDaniels,139.9971849908832,2019-10-18 14:56:12
598,530,Christian Wood,140.01586590749153,2019-10-18 14:56:12
599,904,Theo Pinson,140.00467020664064,2019-10-18 14:56:12
600,398,Marshall Plumlee,139.99782490483958,2019-10-18 14:56:12
601,503,Johnny O'Bryant III,139.9928982725528,2019-10-18 14:56:12
602,854,Michael Gbinije,139.99056483080662,2019-10-18 14:56:12
603,775,Admiral Schofield,139.96619114636644,2019-10-18 14:56:12
604,838,Reggie Hearn,139.9850961077174,2019-10-18 14:56:12
605,526,Louis Labeyrie,139.99357026326734,2019-10-18 14:56:12
606,143,Bogdan Bogdanovic,135.68285741694112,2019-10-18 14:56:12
607,650,Joe Chealey,139.99913635927453,2019-10-18 14:56:12
608,170,Tyler Herro,129.92764841351075,2019-10-18 14:56:12
609,897,Troy Caupain,139.99555427621058,2019-10-18 14:56:12
610,540,Yante Maten,140.0,2019-10-18 14:56:12
611,251,Keldon Johnson,140.00415773819043,2019-10-18 14:56:12
612,184,Rodney Hood,140.4329580348004,2019-10-18 14:56:12
613,393,Shayne Whittington,139.9918452190598,2019-10-18 14:56:12
614,690,Paul Pierce,139.926006459246,2019-10-18 14:56:12
615,394,Patric Young,139.94010616525966,2019-10-18 14:56:12
616,534,Jordan Mickey,139.98921910489778,2019-10-18 14:56:12
617,533,Jarell Martin,140.0,2019-10-18 14:56:12
618,504,Shawn Long,139.99811290580521,2019-10-18 14:56:12
619,193,Norman Powell,140.59123480486244,2019-10-18 14:56:12
620,171,Trey Lyles,140.98727336680204,2019-10-18 14:56:12
621,408,Dakari Johnson,140.0,2019-10-18 14:56:12
622,2,Karl-Anthony Towns,3.7332160562929793,2019-10-18 14:56:12
623,667,Tyler Ulis,139.9803664502926,2019-10-18 14:56:12
624,21,Julius Randle,27.665547132392923,2019-10-18 14:56:12
625,41,Devin Booker,33.18205078999552,2019-10-18 14:56:12
626,626,Nate Wolters,139.9478463850606,2019-10-18 14:56:12
627,661,Andrew Harrison,139.98909532793962,2019-10-18 14:56:12
628,34,Terry Rozier,45.49539347408829,2019-10-18 14:56:12
629,118,Josh Richardson,114.93236761320031,2019-10-18 14:56:12
630,895,James Young,139.95291709314228,2019-10-18 14:56:12
631,896,Aaron Harrison,140.0,2019-10-18 14:56:12
632,906,Marial Shayok,139.99459355705557,2019-10-18 14:56:12
633,491,Jamil Wilson,139.97902343874907,2019-10-18 14:56:12
634,255,Cameron Johnson,140.05490359095705,2019-10-18 14:56:12
635,648,Derrick Walton Jr,139.99788908079063,2019-10-18 14:56:12
636,544,Bonzie Colson,139.99379497841036,2019-10-18 14:56:12
637,448,Brandon Bass,139.99811284544523,2019-10-18 14:56:12
638,361,Andrew Bogut,139.96639166027117,2019-10-18 14:56:12
639,802,Monta Ellis,139.99046796532642,2019-10-18 14:56:12
640,584,Raymond Felton,139.98819766512074,2019-10-18 14:56:12
641,362,Channing Frye,139.98823040266095,2019-10-18 14:56:12
642,916,Khyri Thomas,139.99424257932446,2019-10-18 14:56:12
643,839,CJ Wilcox,139.9832112820185,2019-10-18 14:56:12
644,116,Bobby Portis,132.16756756756757,2019-10-18 14:56:12
645,420,Justin Patton,140.0,2019-10-18 14:56:12
646,363,Marcin Gortat,140.32020602725703,2019-10-18 14:56:12
647,312,Gerald Green,139.98058283484212,2019-10-18 14:56:12
648,211,Ersan Ilyasova,140.47586603972746,2019-10-18 14:56:12
649,585,Jarrett Jack,139.9888046572626,2019-10-18 14:56:12
650,327,Amir Johnson,139.99555427621058,2019-10-18 14:56:12
651,449,David Lee,139.99961628241616,2019-10-18 14:56:12
652,410,Damian Jones,139.99974409826626,2019-10-18 14:56:12
653,321,Ian Mahinmi,139.99641794863595,2019-10-18 14:56:12
654,411,Luke Kornet,140.01119570085086,2019-10-18 14:56:12
655,753,Wes Iwundu,139.99280207300296,2019-10-18 14:56:12
656,254,CJ Miles,140.10670760963438,2019-10-18 14:56:12
657,63,Chris Paul,63.27688421321907,2019-10-18 14:56:12
658,586,Nate Robinson,139.98714052653466,2019-10-18 14:56:12
659,638,Jordan Loyd,139.99721786959162,2019-10-18 14:56:12
660,450,Charlie Villanueva,139.97451475713873,2019-10-18 14:56:12
661,167,Marvin Williams,141.02190738134834,2019-10-18 14:56:12
662,587,Deron Williams,139.9730749552315,2019-10-18 14:56:12
663,76,Lou Williams,76.31456720619282,2019-10-18 14:56:12
664,907,DeVaughn Akoon-Purcell,139.99939238887112,2019-10-18 14:56:12
665,337,Jose Calderon,139.9896989666976,2019-10-18 14:56:12
666,409,Johnathan Williams,139.99731294584305,2019-10-18 14:56:12
667,588,Ronnie Price,140.0,2019-10-18 14:56:12
668,535,Isaiah Hicks,139.99312220089573,2019-10-18 14:56:12
669,616,Malcolm Delaney,139.9967049489747,2019-10-18 14:56:12
670,845,Devyn Marble,140.0,2019-10-18 14:56:12
671,151,Victor Oladipo,112.9858303480041,2019-10-18 14:56:12
672,752,Sindarius Thornwell,139.98870869718198,2019-10-18 14:56:12
673,451,Chuck Hayes,139.99648225135914,2019-10-18 14:56:12
674,161,Cody Zeller,140.9381136661656,2019-10-18 14:56:12
675,853,Zoran Dragic,139.99171438625675,2019-10-18 14:56:12
676,641,Marcelo Huertas,139.99002334281968,2019-10-18 14:56:12
677,732,Myke Henry,139.99488376554856,2019-10-18 14:56:12
678,17,Luka Doncic,18.064455249184313,2019-10-18 14:56:12
679,290,Trey Burke,140.00511770726715,2019-10-18 14:56:12
680,589,John Lucas III,139.99884840536131,2019-10-18 14:56:12
681,865,Nicolas Laprovittola,140.0,2019-10-18 14:56:12
682,640,Raul Neto,139.98992290220417,2019-10-18 14:56:12
683,790,Jason Terry,139.98020530203704,2019-10-18 14:56:12
684,872,Naz Mitrou-Long,139.99149126735333,2019-10-18 14:56:12
685,297,Aron Baynes,140.04302210280522,2019-10-18 14:56:12
686,516,Georges Niang,139.99046887993347,2019-10-18 14:56:12
687,85,Joe Ingles,95.65698845649602,2019-10-18 14:56:12
688,274,James Ennis III,139.990371389271,2019-10-18 14:56:12
689,152,Taurean Prince,139.81628345751656,2019-10-18 14:56:12
690,509,Maxi Kleber,140.08860030706245,2019-10-18 14:56:12
691,536,James Webb III,139.99203658692593,2019-10-18 14:56:12
692,784,Isaac Bonga,139.77337427630107,2019-10-18 14:56:12
693,341,Dzanan Musa,139.98637410440122,2019-10-18 14:56:12
694,43,Buddy Hield,47.73487732318224,2019-10-18 14:56:12
695,688,Issuf Sanon,139.99574631400517,2019-10-18 14:56:12
696,874,Isaiah Cousins,139.99622605302716,2019-10-18 14:56:12
697,746,Jacob Wiley,139.98468229349876,2019-10-18 14:56:12
698,403,Salah Mejri,140.0,2019-10-18 14:56:12
699,433,Goga Bitadze,140.37208186760472,2019-10-18 14:56:12
700,501,Alan Williams,139.9763975949853,2019-10-18 14:56:12
701,934,Vanja Marinkovic,139.99849681773117,2019-10-18 14:56:12
702,873,Andrew White III,139.99996802148956,2019-10-18 14:56:12
703,856,Jordan Sibert,139.9990723562152,2019-10-18 14:56:12
704,627,Mike James,139.99011737614737,2019-10-18 14:56:12
705,236,Frank Kaminsky,140.38504350051178,2019-10-18 14:56:12
706,500,Jarrod Uthoff,139.99341263750318,2019-10-18 14:56:12
707,425,Deyonta Davis,139.99801669812226,2019-10-18 14:56:12
708,927,Daryl Macon,139.99760092124623,2019-10-18 14:56:12
709,645,Ryan Arcidiacono,140.00115166831952,2019-10-18 14:56:12
710,519,Daniel Ochefu,140.0,2019-10-18 14:56:12
711,108,Caris LeVert,110.51727226202661,2019-10-18 14:56:12
712,742,Glenn Robinson III,139.9933145672062,2019-10-18 14:56:12
713,875,Nik Stauskas,139.98739764585466,2019-10-18 14:56:12
714,518,Mitch McGary,139.9969615556835,2019-10-18 14:56:12
715,22,LaMarcus Aldridge,27.006779877834276,2019-10-18 14:56:12
716,452,Andrea Bargnani,139.99005341094445,2019-10-18 14:56:12
717,560,Grant Williams,140.3128078817734,2019-10-18 14:56:12
718,263,Josh Hart,140.0925985158649,2019-10-18 14:56:12
719,278,Robert Williams III,140.081403531218,2019-10-18 14:56:12
720,681,Jordan Bone,139.9754022326712,2019-10-18 14:56:12
721,166,Marcus Smart,138.32784210863028,2019-10-18 14:56:12
722,619,Jorge Gutierrez,140.0,2019-10-18 14:56:12
723,749,DeAndre' Bembry,140.0849539406346,2019-10-18 14:56:12
724,590,Jordan Farmar,139.99785682297997,2019-10-18 14:56:12
725,803,Randy Foye,139.99964823638516,2019-10-18 14:56:12
726,102,Rudy Gay,115.00233435661295,2019-10-18 14:56:12
727,266,Yogi Ferrell,140.00386927602966,2019-10-18 14:56:12
728,364,Ryan Hollins,139.99507389162562,2019-10-18 14:56:12
729,65,Kyle Lowry,69.16205065882052,2019-10-18 14:56:12
730,517,Grant Jerrett,139.99820914614648,2019-10-18 14:56:12
731,82,Paul Millsap,98.44559585492227,2019-10-18 14:56:12
732,485,Drew Gordon,139.9971211975818,2019-10-18 14:56:12
733,422,Diamond Stone,139.989318835945,2019-10-18 14:56:12
734,453,Steve Novak,139.9904990403071,2019-10-18 14:56:12
735,343,Moritz Wagner,139.99101317641038,2019-10-18 14:56:12
736,158,JJ Redick,131.70894901810274,2019-10-18 14:56:12
737,591,Sergio Rodriguez,139.9917175657958,2019-10-18 14:56:12
738,147,Rajon Rondo,134.1170280816222,2019-10-18 14:56:12
739,298,Thabo Sefolosha,139.98167572753437,2019-10-18 14:56:12
740,219,Tyson Chandler,140.34513642324794,2019-10-18 14:56:12
741,150,PJ Tucker,137.21988356471115,2019-10-18 14:56:12
742,829,Larry Drew II,139.99612948627728,2019-10-18 14:56:12
743,492,Duje Dukan,139.9921954964176,2019-10-18 14:56:12
744,542,DJ Wilson,139.9814820737519,2019-10-18 14:56:12
745,826,Andre Ingram,139.97847708593176,2019-10-18 14:56:12
746,208,Josh Jackson,140.4834170211405,2019-10-18 14:56:12
747,718,CJ Williams,139.9994881637876,2019-10-18 14:56:12
748,454,Lou Amundson,139.99884847903272,2019-10-18 14:56:12
749,317,Jonathon Simmons,140.0046049055035,2019-10-18 14:56:12
750,338,Pau Gasol,139.87487605949144,2019-10-18 14:56:12
751,156,Tim Hardaway Jr,138.22584359507437,2019-10-18 14:56:12
752,527,Semi Ojeleye,139.97408829174665,2019-10-18 14:56:12
753,691,Richard Jefferson,139.9895400166336,2019-10-18 14:56:12
754,212,Jabari Parker,140.5770214943705,2019-10-18 14:56:12
755,310,David Nwaba,139.9855104912999,2019-10-18 14:56:12
756,791,Joe Johnson,139.96978030763327,2019-10-18 14:56:12
757,250,JJ Barea,139.99299715409458,2019-10-18 14:56:12
758,541,Ben Bentil,139.9957776213934,2019-10-18 14:56:12
759,27,Montrezl Harrell,41.65833146803952,2019-10-18 14:56:12
760,289,Hamidou Diallo,139.98647092688543,2019-10-18 14:56:12
761,578,Tony Parker,139.95947156291984,2019-10-18 14:56:12
762,437,Zach Randolph,139.976529274454,2019-10-18 14:56:12
763,520,Mangok Mathiang,139.9973457836334,2019-10-18 14:56:12
764,561,Wenyen Gabriel,139.99194141536887,2019-10-18 14:56:12
765,552,Henry Ellenson,139.99926449425985,2019-10-18 14:56:12
766,62,Bam Adebayo,109.35795400019194,2019-10-18 14:56:12
767,902,Edmond Sumner,139.99555328065517,2019-10-18 14:56:12
768,190,Malik Monk,140.46435083005468,2019-10-18 14:56:12
769,30,De'Aaron Fox,34.002366409772634,2019-10-18 14:56:12
770,901,JP Macura,139.9954580348004,2019-10-18 14:56:12
771,900,Trevon Bluiett,140.00079941163304,2019-10-18 14:56:12
772,846,Aaron Craft,139.9942423951636,2019-10-18 14:56:12
773,413,Angel Delgado,139.99341095189357,2019-10-18 14:56:12
774,647,Josh Gray,139.99289872688888,2019-10-18 14:56:12
775,717,Damjan Rudez,140.0,2019-10-18 14:56:12
776,668,Isaiah Whitehead,139.98793985924505,2019-10-18 14:56:12
777,183,Jerami Grant,140.0749672178335,2019-10-18 14:56:12
778,227,Tyler Johnson,140.4971061298884,2019-10-18 14:56:12
779,884,Dusty Hannahs,139.9987846222734,2019-10-18 14:56:12
780,788,Justin Jackson,139.984676413193,2019-10-18 14:56:12
781,248,Danuel House Jr,140.04780481565567,2019-10-18 14:56:12
782,121,Kevin Huerter,133.7645742061335,2019-10-18 14:56:12
783,283,Damyean Dotson,140.01563749160564,2019-10-18 14:56:12
784,405,AJ Hammons,139.99270680058856,2019-10-18 14:56:12
785,783,Haywood Highsmith,139.99459442169908,2019-10-18 14:56:12
786,847,Kyle Collinsworth,139.98477628170275,2019-10-18 14:56:12
787,682,Kobi Simmons,139.98835647111508,2019-10-18 14:56:12
788,50,Lauri Markkanen,58.300409416581374,2019-10-18 14:56:12
789,205,JaMychal Green,140.57709406083092,2019-10-18 14:56:12
790,928,Rawle Alkins,139.98838920163766,2019-10-18 14:56:12
791,733,Jalen Jones,139.99616159677575,2019-10-18 14:56:12
792,67,Jarrett Allen,87.0175253445905,2019-10-18 14:56:12
793,232,Kris Dunn,140.5297994177677,2019-10-18 14:56:12
794,734,Julian Washburn,139.99689778687477,2019-10-18 14:56:12
795,521,Coty Clarke,139.99645038534106,2019-10-18 14:56:12
796,781,Mitchell Creek,140.0,2019-10-18 14:56:12
797,684,De'Anthony Melton,140.008090821874,2019-10-18 14:56:12
798,532,Alec Peters,139.99638665941868,2019-10-18 14:56:12
799,175,Willy Hernangomez,140.81782995329795,2019-10-18 14:56:12
800,722,JJ O'Brien,139.99763359022737,2019-10-18 14:56:12
801,659,Kay Felder,139.99612973387923,2019-10-18 14:56:12
802,563,TJ Leaf,139.99238838429065,2019-10-18 14:56:12
803,617,Jacob Pullen,140.0,2019-10-18 14:56:12
804,628,Joe Young,139.8878833423939,2019-10-18 14:56:12
805,431,Ike Anigbogu,139.99865673073847,2019-10-18 14:56:12
806,72,Lonzo Ball,70.12649928034543,2019-10-18 14:56:12
807,45,Steven Adams,57.29134815288661,2019-10-18 14:56:12
808,396,Tarik Black,139.97997632984678,2019-10-18 14:56:12
809,743,Cleanthony Early,139.99616110560157,2019-10-18 14:56:12
810,194,Fred VanVleet,137.5114999520169,2019-10-18 14:56:12
811,319,Caleb Swanigan,139.9920350585375,2019-10-18 14:56:12
812,620,Dee Bost,139.98851677702075,2019-10-18 14:56:12
813,245,Royce O'Neale,140.25516535533808,2019-10-18 14:56:12
814,234,Carsen Edwards,139.20516921502144,2019-10-18 14:56:12
815,353,Chris Andersen,139.9968330134357,2019-10-18 14:56:12
816,97,Brandon Clarke,140.37697105389412,2019-10-18 14:56:12
817,683,Tony Carr,139.99827327087263,2019-10-18 14:56:12
818,804,Arron Afflalo,139.99705797703942,2019-10-18 14:56:12
819,522,Sam Dekker,139.99408246169594,2019-10-18 14:56:12
820,246,Marco Belinelli,140.20908363985288,2019-10-18 14:56:12
821,209,Elfrid Payton,140.609678863869,2019-10-18 14:56:12
822,700,Corey Brewer,139.99094747616914,2019-10-18 14:56:12
823,592,Aaron Brooks,140.0,2019-10-18 14:56:12
824,303,Wilson Chandler,140.03022259178712,2019-10-18 14:56:12
825,69,Mike Conley,72.48699740907783,2019-10-18 14:56:12
826,280,Tony Snell,140.00198342877252,2019-10-18 14:56:12
827,493,Cameron Bairstow,139.9999680071664,2019-10-18 14:56:12
828,562,Isaiah Roby,139.98292074457876,2019-10-18 14:56:12
829,455,Jared Dudley,139.91514744450842,2019-10-18 14:56:12
830,349,Kevin Durant,136.7317681678608,2019-10-18 14:56:12
831,391,Jeff Withey,139.97517911975436,2019-10-18 14:56:12
832,92,Miles Bridges,108.30894204937955,2019-10-18 14:56:12
833,81,Marc Gasol,99.54782163649159,2019-10-18 14:56:12
834,127,Jeff Green,139.12199334698056,2019-10-18 14:56:12
835,395,Alex Kirk,139.99299491411574,2019-10-18 14:56:12
836,365,Spencer Hawes,139.99814500911504,2019-10-18 14:56:12
837,553,Ray Spalding,139.9922616953922,2019-10-18 14:56:12
838,71,Al Horford,81.71342672551654,2019-10-18 14:56:12
839,669,Wade Baldwin IV,139.99254900706725,2019-10-18 14:56:12
840,523,Alex Poythress,140.0,2019-10-18 14:56:12
841,39,Donovan Mitchell,34.10396340488148,2019-10-18 14:56:12
842,456,Carl Landry,139.9946272666219,2019-10-18 14:56:12
843,773,Deng Adel,139.9900853935459,2019-10-18 14:56:12
844,258,Nerlens Noel,140.21696725505245,2019-10-18 14:56:12
845,457,Josh McRoberts,139.99344293756397,2019-10-18 14:56:12
846,840,Troy Daniels,139.99405028469067,2019-10-18 14:56:12
847,74,Willie Cauley-Stein,99.39863136352008,2019-10-18 14:56:12
848,876,Archie Goodwin,139.99408397556843,2019-10-18 14:56:12
849,366,Joakim Noah,140.26522976559752,2019-10-18 14:56:12
850,564,Kostas Antetokounmpo,139.76818501695348,2019-10-18 14:56:12
851,629,Ray McCallum,140.0,2019-10-18 14:56:12
852,593,Ramon Sessions,139.99280230326295,2019-10-18 14:56:12
853,367,Jason Smith,139.9970250471834,2019-10-18 14:56:12
854,458,Tiago Splitter,139.99305822136915,2019-10-18 14:56:12
855,287,Jerome Robinson,140.00243106647048,2019-10-18 14:56:12
856,805,Rodney Stuckey,139.99638550363048,2019-10-18 14:56:12
857,877,Matt Williams Jr,139.98535009436074,2019-10-18 14:56:12
858,459,Brandan Wright,139.95072426693955,2019-10-18 14:56:12
859,806,Nick Young,139.9456243602866,2019-10-18 14:56:12
860,120,Thaddeus Young,131.58780628238756,2019-10-18 14:56:12
861,368,Joel Anthony,139.99513833359987,2019-10-18 14:56:12
862,674,Jawun Evans,139.9941479325893,2019-10-18 14:56:12
863,292,Shaquille Harrison,139.9943058221369,2019-10-18 14:56:12
864,99,Jordan Clarkson,113.33335465915998,2019-10-18 14:56:12
865,243,Anthony Tolliver,140.3049096433712,2019-10-18 14:56:12
866,618,Kalin Lucas,139.99769673704415,2019-10-18 14:56:12
867,594,CJ Watson,139.9982725527831,2019-10-18 14:56:12
868,525,Matt Costello,139.99609887123077,2019-10-18 14:56:12
869,878,Alex Caruso,139.24388293619063,2019-10-18 14:56:12
870,64,D'Angelo Russell,50.029332736229286,2019-10-18 14:56:12
871,19,John Collins,26.907994883274704,2019-10-18 14:56:12
872,920,Furkan Korkmaz,139.97840621900892,2019-10-18 14:56:12
873,149,Gary Harris,135.65217947487926,2019-10-18 14:56:12
874,217,Denzel Valentine,140.40858942790445,2019-10-18 14:56:12
875,177,Richaun Holmes,140.83333333333334,2019-10-18 14:56:12
876,494,Okaro White,140.0,2019-10-18 14:56:12
877,771,Dylan Windler,140.16309040324902,2019-10-18 14:56:12
878,919,Nicolas Brussino,139.99168558728533,2019-10-18 14:56:12
879,200,TJ McConnell,140.64104122029997,2019-10-18 14:56:12
880,397,Alec Brown,139.99574604189988,2019-10-18 14:56:12
881,841,DJ Stephens,139.9979850316638,2019-10-18 14:56:12
882,325,Chandler Hutchison,139.9932836536924,2019-10-18 14:56:12
883,623,David Stockton,139.98739643645436,2019-10-18 14:56:12
884,131,Kelly Olynyk,139.17764841351075,2019-10-18 14:56:12
885,639,Shane Larkin,139.99376339271436,2019-10-18 14:56:12
886,630,Walt Lemon Jr,139.98672594677583,2019-10-18 14:56:12
887,676,PJ Dozier,139.9940523774502,2019-10-18 14:56:12
888,506,Rakeem Christmas,139.99190762538382,2019-10-18 14:56:12
889,336,Michael Carter-Williams,139.97544050398133,2019-10-18 14:56:12
890,304,Langston Galloway,139.9928029939545,2019-10-18 14:56:12
891,137,Alex Len,140.18100966152664,2019-10-18 14:56:12
892,831,Trey McKinney-Jones,139.99110798362332,2019-10-18 14:56:12
893,286,Keita Bates-Diop,139.99603441107806,2019-10-18 14:56:12
894,546,Chris McCullough,139.99206882215614,2019-10-18 14:56:12
895,311,Andre Roberson,139.9960982474095,2019-10-18 14:56:12
896,369,Alexis Ajinca,139.99133326937223,2019-10-18 14:56:12
897,460,Ryan Anderson,139.99465753862887,2019-10-18 14:56:12
898,461,Darrell Arthur,139.99859267551577,2019-10-18 14:56:12
899,370,Omer Asik,139.99104257973704,2019-10-18 14:56:12
900,524,Anthony Bennett,139.9597965841489,2019-10-18 14:56:12
901,132,DJ Augustin,139.32889770328194,2019-10-18 14:56:12
902,624,Matthew Dellavedova,139.96024308332,2019-10-18 14:56:12
903,130,Nicolas Batum,122.6053161884656,2019-10-18 14:56:12
904,339,Jerryd Bayless,139.98541779923892,2019-10-18 14:56:12
905,344,Michael Beasley,139.9879726185145,2019-10-18 14:56:12
906,595,Mario Chalmers,140.0018230665899,2019-10-18 14:56:12
907,124,Goran Dragic,128.5931102865916,2019-10-18 14:56:12
908,198,Gorgui Dieng,140.59138890665983,2019-10-18 14:56:12
909,68,Danilo Gallinari,68.83113144173251,2019-10-18 14:56:12
910,188,Eric Gordon,135.3413292394294,2019-10-18 14:56:12
911,723,Eric Griffin,139.99376438986954,2019-10-18 14:56:12
912,371,Roy Hibbert,139.9933471933472,2019-10-18 14:56:12
913,567,Isaiah Hartenstein,139.99338087167845,2019-10-18 14:56:12
914,462,JJ Hickson,140.0016315301193,2019-10-18 14:56:12
915,204,George Hill,140.48152768448327,2019-10-18 14:56:12
916,78,Serge Ibaka,86.06419524053224,2019-10-18 14:56:12
917,60,DeAndre Jordan,53.373936680524466,2019-10-18 14:56:12
918,302,Doug McDermott,139.99868867140023,2019-10-18 14:56:12
919,372,Sasha Kaun,139.9962576765609,2019-10-18 14:56:12
920,331,Kosta Koufos,139.99939240830162,2019-10-18 14:56:12
921,281,Courtney Lee,140.01225051177073,2019-10-18 14:56:12
922,181,Robin Lopez,140.52969394608078,2019-10-18 14:56:12
923,107,Brook Lopez,115.94800127918133,2019-10-18 14:56:12
924,44,Kevin Love,52.36888576090086,2019-10-18 14:56:12
925,807,OJ Mayo,139.9785995329644,2019-10-18 14:56:12
926,701,Luc Mbah a Moute,139.9789854145343,2019-10-18 14:56:12
927,136,JaVale McGee,130.79920038381576,2019-10-18 14:56:12
928,105,Zach Collins,127.63726493539721,2019-10-18 14:56:12
929,373,Nikola Pekovic,139.98202865182913,2019-10-18 14:56:12
930,140,Rui Hachimura,131.5081243602866,2019-10-18 14:56:12
931,182,Derrick Rose,128.66524868063328,2019-10-18 14:56:12
932,808,Brandon Rush,139.99875275832295,2019-10-18 14:56:12
933,842,Ryan Broekhoff,139.9939244715889,2019-10-18 14:56:12
934,572,Emanuel Terry,139.99577829660666,2019-10-18 14:56:12
935,374,Marreese Speights,139.98880608948733,2019-10-18 14:56:12
936,463,Jason Thompson,139.99318639838776,2019-10-18 14:56:12
937,223,Markelle Fultz,139.61375847511835,2019-10-18 14:56:12
